Pnull,P2,P7
13152.782278833332,4350.256852841666,16050.996449991664
