Pnull,TEMP,Pnull,TEMP
22923.3261344375,1,22923.3261344375,1
