Pnull,P2,P7
13152.782278833332,3802.5038759666663,7317.091786745833
