Pnull,P2,P7
13152.782278833332,3153.2529768749996,11172.550326454166
